{"imageListData":{"title":"BeatBox Skill - Seleccione el tipo de ejercicio","logoUrl":"https://scontent.fpaz3-1.fna.fbcdn.net/v/t1.6435-9/160515028_176603627605527_7139283640032157227_n.jpg","backgroundImage":{"sources":[{"url":"https://img.freepik.com/fotos-premium/fondo-banner-trazo-pincel-naranja-negro-perfecto-canva_430468-236.jpg","size":"small"}]},"hintText":"Prueba decir, 'Alexa, selecciona cardio'","listItems":[{"primaryText":"Calentamiento","imageSource":"https://scontent.fpaz3-1.fna.fbcdn.net/v/t1.6435-9/54523092_2219760724783228_2197390296101158912_n.jpg?_nc_cat=104&ccb=1-7&_nc_sid=833d8c&_nc_eui2=AeGKKlLTRyKn4U7amcWtHRHaU3vMsPl-alxTe8yw-X5qXG-ETZQLMEAxzsrVv4VIO98Dxuxm3FgLJ6kiBdvEO1BX&_nc_ohc=rZln0nto_RUQ7kNvwHcZDfl&_nc_oc=AdmP0jkjnoA9nND_YhCZFpgHRsB2ZIx4hAKa97DCxqz6NcGgIWbeyzO8UZrSagpg5A8&_nc_zt=23&_nc_ht=scontent.fpaz3-1.fna&_nc_gid=_c1dnAF-_T3NDqb94FQKcA&oh=00_AfSRIm6RtzJnmXiYwM1tO29mFDmjxefU4IlS9zmo7VGsnQ&oe=68A6E180","primaryAction":[{"type":"SetValue","property":"selectedExerciseData","value":{"title":"BeatBox Skill - Detalles del Ejercicio","logoUrl":"https://scontent.fpaz3-1.fna.fbcdn.net/v/t1.6435-9/160515028_176603627605527_7139283640032157227_n.jpg","exerciseName":"Calentamiento","imageSource":"https://scontent.fpaz3-1.fna.fbcdn.net/v/t1.6435-9/54523092_2219760724783228_2197390296101158912_n.jpg?_nc_cat=104&ccb=1-7&_nc_sid=833d8c&_nc_eui2=AeGKKlLTRyKn4U7amcWtHRHaU3vMsPl-alxTe8yw-X5qXG-ETZQLMEAxzsrVv4VIO98Dxuxm3FgLJ6kiBdvEO1BX&_nc_ohc=rZln0nto_RUQ7kNvwHcZDfl&_nc_oc=AdmP0jkjnoA9nND_YhCZFpgHRsB2ZIx4hAKa97DCxqz6NcGgIWbeyzO8UZrSagpg5A8&_nc_zt=23&_nc_ht=scontent.fpaz3-1.fna&_nc_gid=_c1dnAF-_T3NDqb94FQKcA&oh=00_AfSRIm6RtzJnmXiYwM1tO29mFDmjxefU4IlS9zmo7VGsnQ&oe=68A6E180","description":"El calentamiento es una fase fundamental antes de cualquier actividad física. Consiste en ejercicios suaves y progresivos que preparan el cuerpo para el entrenamiento principal, aumentando la temperatura corporal, mejorando la circulación sanguínea y preparando músculos y articulaciones para el esfuerzo que viene.","playlistName":"Energía para Calentar - Mix Motivacional","playlistUrl":"https://open.spotify.com/playlist/6tkuWWY6vS36PvvNjf9SGB?si=b415673447b74c75"}},{"type":"SetPage","componentId":"mainPager","position":"absolute","value":1}]},{"primaryText":"Cardio","imageSource":"https://scontent.fpaz3-1.fna.fbcdn.net/v/t1.6435-9/72751709_2598307120261918_3617662902019817472_n.jpg?_nc_cat=105&ccb=1-7&_nc_sid=833d8c&_nc_eui2=AeFjr2d8kJk1-wPGtCO28pGMGvlkcQcOLw8a-WRxBw4vD6N9j3IYU6ws0HSZ6Fux3_mKIh_8EPeEzrw4-S_8a8sm&_nc_ohc=KPdkICdaLfYQ7kNvwE7544S&_nc_oc=AdkCnTWpLyvnjAapkqwzHnENekv-VUTzDTWaUquqG_NHoHlL18iL6zjKA9Q4T-LNnQU&_nc_zt=23&_nc_ht=scontent.fpaz3-1.fna&_nc_gid=LmFbAxk2UJgrqXjEkIdZDA&oh=00_AfQdghu0pyu03k4F5S6dI7JqzWLPOjCAJSgOzbpI21uZew&oe=68A6EAFB","primaryAction":[{"type":"SetValue","property":"selectedExerciseData","value":{"title":"BeatBox Skill - Detalles del Ejercicio","logoUrl":"https://scontent.fpaz3-1.fna.fbcdn.net/v/t1.6435-9/160515028_176603627605527_7139283640032157227_n.jpg","exerciseName":"Cardio","imageSource":"https://scontent.fpaz3-1.fna.fbcdn.net/v/t1.6435-9/72751709_2598307120261918_3617662902019817472_n.jpg?_nc_cat=105&ccb=1-7&_nc_sid=833d8c&_nc_eui2=AeFjr2d8kJk1-wPGtCO28pGMGvlkcQcOLw8a-WRxBw4vD6N9j3IYU6ws0HSZ6Fux3_mKIh_8EPeEzrw4-S_8a8sm&_nc_ohc=KPdkICdaLfYQ7kNvwE7544S&_nc_oc=AdkCnTWpLyvnjAapkqwzHnENekv-VUTzDTWaUquqG_NHoHlL18iL6zjKA9Q4T-LNnQU&_nc_zt=23&_nc_ht=scontent.fpaz3-1.fna&_nc_gid=LmFbAxk2UJgrqXjEkIdZDA&oh=00_AfQdghu0pyu03k4F5S6dI7JqzWLPOjCAJSgOzbpI21uZew&oe=68A6EAFB","description":"El ejercicio cardiovascular es cualquier actividad que eleva tu frecuencia cardíaca y la mantiene elevada durante un período prolongado. Mejora la salud del corazón, aumenta la resistencia, quema calorías y fortalece el sistema cardiovascular. Incluye actividades como correr, nadar, ciclismo y baile.","playlistName":"Cardio Power - Ritmos Intensos","playlistUrl":"https://open.spotify.com/playlist/6tkuWWY6vS36PvvNjf9SGB?si=b415673447b74c75"}},{"type":"SetPage","componentId":"mainPager","position":"absolute","value":1}]},{"primaryText":"Yoga","imageSource":"https://scontent.fpaz3-1.fna.fbcdn.net/v/t1.6435-9/71594510_2569832443109386_6627486334204248064_n.jpg?_nc_cat=107&ccb=1-7&_nc_sid=833d8c&_nc_eui2=AeFjPJJ-PJDze9AW3negnjHkZLK34jCiLzVksrfiMKIvNXkkTPZCQffQ7hy4xZ8rN4OubR0bZElOatIE9CzzYOC0&_nc_ohc=PxkzmQhsCjwQ7kNvwHFOjTk&_nc_oc=Adm59h2Sh5g4xEaWBBx5pR0kIxAtpud2Wm2hrfZBDRow7S7Cgyeb3n3IpUFIruhU2cI&_nc_zt=23&_nc_ht=scontent.fpaz3-1.fna&_nc_gid=TYQvmFpstSmZRlDMTTJ0zQ&oh=00_AfRh7iHkqbHzGraZKjT4_Ltkx1BxrNWFzUKICAR9npTF5Q&oe=68A6FBE5","primaryAction":[{"type":"SetValue","property":"selectedExerciseData","value":{"title":"BeatBox Skill - Detalles del Ejercicio","logoUrl":"https://scontent.fpaz3-1.fna.fbcdn.net/v/t1.6435-9/160515028_176603627605527_7139283640032157227_n.jpg","exerciseName":"Yoga","imageSource":"https://scontent.fpaz3-1.fna.fbcdn.net/v/t1.6435-9/71594510_2569832443109386_6627486334204248064_n.jpg?_nc_cat=107&ccb=1-7&_nc_sid=833d8c&_nc_eui2=AeFjPJJ-PJDze9AW3negnjHkZLK34jCiLzVksrfiMKIvNXkkTPZCQffQ7hy4xZ8rN4OubR0bZElOatIE9CzzYOC0&_nc_ohc=PxkzmQhsCjwQ7kNvwHFOjTk&_nc_oc=Adm59h2Sh5g4xEaWBBx5pR0kIxAtpud2Wm2hrfZBDRow7S7Cgyeb3n3IpUFIruhU2cI&_nc_zt=23&_nc_ht=scontent.fpaz3-1.fna&_nc_gid=TYQvmFpstSmZRlDMTTJ0zQ&oh=00_AfRh7iHkqbHzGraZKjT4_Ltkx1BxrNWFzUKICAR9npTF5Q&oe=68A6FBE5","description":"El yoga es una práctica milenaria que combina posturas físicas, técnicas de respiración y meditación. Mejora la flexibilidad, fortalece los músculos, reduce el estrés y promueve el bienestar mental. Es ideal para todas las edades y niveles de condición física.","playlistName":"Serenidad Yoga - Música Relajante","playlistUrl":"https://open.spotify.com/playlist/6tkuWWY6vS36PvvNjf9SGB?si=b415673447b74c75"}},{"type":"SetPage","componentId":"mainPager","position":"absolute","value":1}]},{"primaryText":"Crossfit","imageSource":"https://scontent.fpaz3-1.fna.fbcdn.net/v/t1.6435-9/81481915_2763122613780367_896147305722281984_n.jpg?_nc_cat=101&ccb=1-7&_nc_sid=833d8c&_nc_eui2=AeGqkPUZyzikgJNw5FUU4y9EUtElphLMKzRS0SWmEswrNAbj3BUQLzet-bVWL4C4YslvUTiGeHkcgujRrW0UXN81&_nc_ohc=1TdDIaGsmgYQ7kNvwGafyhs&_nc_oc=AdkfHIJ2ysoG_4OuW4bXOYsQ6JMGCC0z-bTAoJ9OxBR4CRyr0WJFUmv2l-XxoRCaVhk&_nc_zt=23&_nc_ht=scontent.fpaz3-1.fna&_nc_gid=gmCrJrgzu5sZTW3M-RP9UQ&oh=00_AfSqTw7mI1g1Es1hwr9xP7d0qZxPKWeTr2zRkpikTdmYxQ&oe=68A6CD09","primaryAction":[{"type":"SetValue","property":"selectedExerciseData","value":{"title":"BeatBox Skill - Detalles del Ejercicio","logoUrl":"https://scontent.fpaz3-1.fna.fbcdn.net/v/t1.6435-9/160515028_176603627605527_7139283640032157227_n.jpg","exerciseName":"CrossFit","imageSource":"https://scontent.fpaz3-1.fna.fbcdn.net/v/t1.6435-9/81481915_2763122613780367_896147305722281984_n.jpg?_nc_cat=101&ccb=1-7&_nc_sid=833d8c&_nc_eui2=AeGqkPUZyzikgJNw5FUU4y9EUtElphLMKzRS0SWmEswrNAbj3BUQLzet-bVWL4C4YslvUTiGeHkcgujRrW0UXN81&_nc_ohc=1TdDIaGsmgYQ7kNvwGafyhs&_nc_oc=AdkfHIJ2ysoG_4OuW4bXOYsQ6JMGCC0z-bTAoJ9OxBR4CRyr0WJFUmv2l-XxoRCaVhk&_nc_zt=23&_nc_ht=scontent.fpaz3-1.fna&_nc_gid=gmCrJrgzu5sZTW3M-RP9UQ&oh=00_AfSqTw7mI1g1Es1hwr9xP7d0qZxPKWeTr2zRkpikTdmYxQ&oe=68A6CD09","description":"CrossFit es un programa de acondicionamiento físico que combina ejercicios de alta intensidad de diferentes disciplinas como halterofilia, gimnasia y cardio. Se caracteriza por entrenamientos variados, funcionales y desafiantes que mejoran la fuerza, resistencia y agilidad.","playlistName":"Beast Mode - CrossFit Beats","playlistUrl":"https://open.spotify.com/playlist/6tkuWWY6vS36PvvNjf9SGB?si=b415673447b74c75"}},{"type":"SetPage","componentId":"mainPager","position":"absolute","value":1}]},{"primaryText":"Funcional","imageSource":"https://scontent.fpaz3-1.fna.fbcdn.net/v/t1.6435-9/69508362_2495861553839809_8125811509642133504_n.jpg?_nc_cat=100&ccb=1-7&_nc_sid=833d8c&_nc_eui2=AeH8yC5M1lr_N_JCDgvWEfTPOVB5ZiXS5OY5UHlmJdLk5tiPC6TigYqFzVXzHKkyej1PG1BDvanzE_AWdpFYR7nz&_nc_ohc=dS2Q2fCyhEEQ7kNvwGgQ6L-&_nc_oc=AdkvBcWTYma-1XXWDl1gzR_NLzApyURr4X3COVDrLsr74psFIZOojOBQi7tBRUKgetU&_nc_zt=23&_nc_ht=scontent.fpaz3-1.fna&_nc_gid=RsuJaq_tOcml4-nesUkmtg&oh=00_AfSNa8OSOY1gPIqCmcwDX78c3GlL95ccWX5gtno7Xs0s0Q&oe=68A6E3B8","primaryAction":[{"type":"SetValue","property":"selectedExerciseData","value":{"title":"BeatBox Skill - Detalles del Ejercicio","logoUrl":"https://scontent.fpaz3-1.fna.fbcdn.net/v/t1.6435-9/160515028_176603627605527_7139283640032157227_n.jpg","exerciseName":"Entrenamiento Funcional","imageSource":"https://scontent.fpaz3-1.fna.fbcdn.net/v/t1.6435-9/69508362_2495861553839809_8125811509642133504_n.jpg?_nc_cat=100&ccb=1-7&_nc_sid=833d8c&_nc_eui2=AeH8yC5M1lr_N_JCDgvWEfTPOVB5ZiXS5OY5UHlmJdLk5tiPC6TigYqFzVXzHKkyej1PG1BDvanzE_AWdpFYR7nz&_nc_ohc=dS2Q2fCyhEEQ7kNvwGgQ6L-&_nc_oc=AdkvBcWTYma-1XXWDl1gzR_NLzApyURr4X3COVDrLsr74psFIZOojOBQi7tBRUKgetU&_nc_zt=23&_nc_ht=scontent.fpaz3-1.fna&_nc_gid=RsuJaq_tOcml4-nesUkmtg&oh=00_AfSNa8OSOY1gPIqCmcwDX78c3GlL95ccWX5gtno7Xs0s0Q&oe=68A6E3B8","description":"El entrenamiento funcional se basa en movimientos naturales del cuerpo que imitan actividades de la vida diaria. Mejora la coordinación, estabilidad, fuerza y movilidad utilizando ejercicios multiarticulares que trabajan varios grupos musculares simultáneamente.","playlistName":"Funcional Flow - Ritmos Dinámicos","playlistUrl":"https://open.spotify.com/playlist/6tkuWWY6vS36PvvNjf9SGB?si=b415673447b74c75"}},{"type":"SetPage","componentId":"mainPager","position":"absolute","value":1}]}]}}