{"type":"APL","version":"2024.3","theme":"dark","import":[{"name":"alexa-layouts","version":"1.7.0"}],"mainTemplate":{"parameters":["payload"],"bind":[{"name":"selectedExerciseData","value":{"title":"BeatBox Skill - Detalles del Ejercicio","logoUrl":"https://scontent.fpaz3-1.fna.fbcdn.net/v/t1.6435-9/160515028_176603627605527_7139283640032157227_n.jpg","exerciseName":"Selecciona un ejercicio","imageSource":"/placeholder.svg?height=400&width=400","description":"Por favor, selecciona un ejercicio de la lista para ver sus detalles.","playlistName":"N/A","playlistUrl":""},"type":"object"}],"items":[{"type":"Pager","id":"mainPager","height":"100%","width":"100%","items":[{"type":"AlexaImageList","id":"exerciseList","headerTitle":"${payload.imageListData.title}","headerBackButton":true,"headerDivider":false,"headerAttributionImage":"${payload.imageListData.logoUrl}","backgroundImageSource":"${payload.imageListData.backgroundImage.sources[0].url}","backgroundBlur":false,"backgroundColorOverlay":false,"imageAspectRatio":"square","imageMetadataPrimacy":true,"imageScale":"best-fill","listItems":"${payload.imageListData.listItems}","hintText":"${payload.imageListData.hintText}"},{"type":"Container","height":"100%","width":"100%","items":[{"type":"AlexaHeader","headerTitle":"${selectedExerciseData.title}","headerBackButton":true,"headerDivider":true,"headerAttributionImage":"${selectedExerciseData.logoUrl}","onBack":[{"type":"SetPage","componentId":"mainPager","position":"absolute","value":0}]},{"type":"Container","height":"0","width":"100%","grow":1,"direction":"row","alignItems":"start","justifyContent":"start","paddingLeft":"30dp","paddingRight":"30dp","paddingTop":"20dp","paddingBottom":"20dp","items":[{"type":"Image","source":"${selectedExerciseData.imageSource}","width":"250dp","height":"250dp","scale":"best-fill","borderRadius":"20dp","shadowColor":"rgba(0,0,0,0.3)","shadowRadius":"8dp"},{"type":"Container","width":"0","height":"100%","grow":1,"paddingLeft":"40dp","direction":"column","alignItems":"start","justifyContent":"start","items":[{"type":"Text","text":"${selectedExerciseData.exerciseName}","style":"textStyleHeadline","fontSize":"20dp","fontWeight":"300","color":"@colorTextPrimary","maxLines":1,"paddingBottom":"5dp"},{"type":"Text","text":"${selectedExerciseData.description}","style":"textStyleBody","color":"@colorTextSecondary","maxLines":6,"fontSize":"18dp","paddingBottom":"5dp","lineHeight":1},{"type":"Container","direction":"column","alignItems":"start","paddingBottom":"5dp","items":[{"type":"Text","text":"Playlist recomendada:","style":"textStyleCallout","color":"@colorTextSecondary","paddingBottom":"2dp"},{"type":"Text","text":"${selectedExerciseData.playlistName}","style":"textStyleBody","fontWeight":"600","fontSize":"27dp","color":"@colorAccent"}]},{"type":"TouchWrapper","onPress":[{"type":"LaunchURL","url":"${selectedExerciseData.playlistUrl}"}],"item":{"type":"Frame","backgroundColor":"#1DB954","borderRadius":"25dp","paddingLeft":"40dp","paddingRight":"40dp","paddingTop":"10dp","paddingBottom":"10dp","shadowColor":"rgba(29, 185, 84, 0.4)","shadowRadius":"12dp","item":{"type":"Container","direction":"row","alignItems":"center","justifyContent":"center","items":[{"type":"Text","text":"🎵","fontSize":"16dp","paddingRight":"8dp"},{"type":"Text","text":"Reproducir en Spotify","style":"textStyleBody2","fontWeight":"600","color":"white"}]}}}]}]}]}]}]},"layouts":{}}